train/ent_coef,train/actor_loss,train/ent_coef_loss,train/learning_rate,train/n_updates,train/critic_loss
0.7418495416641235,9.704910278320312,-2.947101593017578,0.0003,1000,33.74263000488281
0.5723956823348999,4.374625205993652,-2.619295358657837,0.0003,2000,1.5335745811462402
0.4755033254623413,3.3614816665649414,-3.1329832077026367,0.0003,3000,0.3944690227508545
0.3877512216567993,3.072106122970581,-3.126209020614624,0.0003,4000,0.3083997964859009
0.3150588572025299,2.7707598209381104,-3.1912217140197754,0.0003,5000,0.3942479193210602
0.2583296000957489,2.367088794708252,-2.6477370262145996,0.0003,6000,0.24241352081298828
0.21616624295711517,2.2646474838256836,-2.1452343463897705,0.0003,7000,0.1565629541873932
0.18706895411014557,1.8522883653640747,-0.9886300563812256,0.0003,8000,0.19481825828552246
0.17069308459758759,1.9523494243621826,0.019517287611961365,0.0003,9000,0.09912851452827454
0.1645916849374771,1.775724172592163,-0.2954160273075104,0.0003,10000,0.08414093405008316
0.16430528461933136,1.6959490776062012,0.22876472771167755,0.0003,11000,0.16050264239311218
0.1665705442428589,1.8433947563171387,0.1610565334558487,0.0003,12000,0.1380963921546936
0.16676297783851624,1.7935705184936523,0.15765556693077087,0.0003,13000,0.3918432295322418
0.1700800657272339,1.5702588558197021,-0.16303612291812897,0.0003,14000,0.08298684656620026
0.1695432811975479,1.8157577514648438,-0.4413085877895355,0.0003,15000,0.13795402646064758
0.16986891627311707,1.663020372390747,-0.0798308402299881,0.0003,16000,0.19022268056869507
0.17276059091091156,1.6437186002731323,0.34510332345962524,0.0003,17000,0.12696462869644165
0.17321732640266418,1.7018942832946777,-0.9425914883613586,0.0003,18000,0.2522082030773163
0.17503905296325684,1.4905309677124023,0.6080006957054138,0.0003,19000,0.07272839546203613
0.17517706751823425,1.6613271236419678,-0.1383044719696045,0.0003,20000,0.15135638415813446
0.1764884889125824,1.7120361328125,-0.38281571865081787,0.0003,21000,0.17784413695335388
0.17853887379169464,1.3381950855255127,-0.05764950066804886,0.0003,22000,0.0901537612080574
0.18024910986423492,1.462039828300476,0.26054853200912476,0.0003,23000,0.07484961301088333
0.18043921887874603,1.471168875694275,0.11242501437664032,0.0003,24000,0.09668770432472229
0.18073546886444092,1.4742188453674316,0.3029250502586365,0.0003,25000,0.07046803832054138
0.1821296364068985,1.732102870941162,-0.05906699225306511,0.0003,26000,0.09645165503025055
0.18425413966178894,1.5142627954483032,-0.7136006355285645,0.0003,27000,0.06422242522239685
0.1861831694841385,1.524781584739685,0.0721108466386795,0.0003,28000,0.08492708951234818
0.18723978102207184,1.6328372955322266,0.08956819772720337,0.0003,29000,0.10813342779874802
0.18701621890068054,1.312300682067871,0.3113718032836914,0.0003,30000,0.07207316160202026
0.1877463459968567,1.652846336364746,-0.01733679324388504,0.0003,31000,0.08112816512584686
0.189758762717247,1.4182970523834229,-0.14468945562839508,0.0003,32000,0.051181960850954056
0.19065479934215546,1.472618818283081,0.0549449697136879,0.0003,33000,0.07590311020612717
0.19245824217796326,1.3667411804199219,-0.04942088574171066,0.0003,34000,0.10093317925930023
0.19098639488220215,1.5079100131988525,0.30856382846832275,0.0003,35000,0.09326678514480591
0.1934971660375595,1.3773159980773926,0.7796705365180969,0.0003,36000,0.046767499297857285
0.19341692328453064,1.5692036151885986,-0.315854549407959,0.0003,37000,0.07277164608240128
0.19296158850193024,1.3672151565551758,0.043902382254600525,0.0003,38000,0.054504215717315674
0.19445917010307312,1.4502531290054321,-0.009063571691513062,0.0003,39000,0.09328362345695496
0.19464895129203796,1.4865881204605103,-0.14606767892837524,0.0003,40000,0.053718894720077515
0.19635790586471558,1.5342862606048584,0.048623792827129364,0.0003,41000,0.05938972532749176
0.19664570689201355,1.5909297466278076,-0.3786928057670593,0.0003,42000,0.1250963658094406
0.19629821181297302,1.3888556957244873,-0.15914864838123322,0.0003,43000,0.06955491751432419
0.19745421409606934,1.3758337497711182,0.13089768588542938,0.0003,44000,0.043471090495586395
0.1973922699689865,1.2690714597702026,-0.22548557817935944,0.0003,45000,0.1380452811717987
0.19702032208442688,1.4726797342300415,-0.0828244686126709,0.0003,46000,0.08113430440425873
0.19861263036727905,1.5049124956130981,-0.9490418434143066,0.0003,47000,0.09533429145812988
0.1972513496875763,1.245929479598999,0.006838411092758179,0.0003,48000,0.16812068223953247
0.19727617502212524,1.3112175464630127,0.18113760650157928,0.0003,49000,0.08097723126411438
0.20047007501125336,1.5283912420272827,-0.04782409965991974,0.0003,50000,0.08175952732563019
0.20040111243724823,1.4436341524124146,-0.13125404715538025,0.0003,51000,0.06552253663539886
0.19966208934783936,1.4948087930679321,0.3107893466949463,0.0003,52000,0.097958505153656
0.19972485303878784,1.3305771350860596,0.06663265079259872,0.0003,53000,0.08739034831523895
0.1994079202413559,1.40453040599823,-0.19046950340270996,0.0003,54000,0.06493870913982391
0.20031818747520447,1.388730525970459,0.340912401676178,0.0003,55000,0.0602700337767601
0.19955286383628845,1.418091893196106,0.12527737021446228,0.0003,56000,0.2557063102722168
0.20067918300628662,1.3516919612884521,-0.12813055515289307,0.0003,57000,0.09525613486766815
0.20106446743011475,1.3410645723342896,0.30467578768730164,0.0003,58000,0.06781178712844849
0.2016928493976593,1.3684077262878418,0.23451028764247894,0.0003,59000,0.1195213794708252
0.2010984569787979,1.2760651111602783,-0.10540848970413208,0.0003,60000,0.09194738417863846
0.20303378999233246,1.4438353776931763,0.7673879265785217,0.0003,61000,0.06696324050426483
0.20281335711479187,1.3489069938659668,-0.040162064135074615,0.0003,62000,0.07104545831680298
0.20376189053058624,1.4575647115707397,0.1716465950012207,0.0003,63000,0.13075906038284302
0.20416821539402008,1.5484001636505127,-0.31593266129493713,0.0003,64000,0.08833886682987213
0.20503918826580048,1.3045259714126587,0.3034111261367798,0.0003,65000,0.06833238154649734
0.2052638828754425,1.2767326831817627,-0.23083212971687317,0.0003,66000,0.11819916218519211
0.2057352364063263,1.2800675630569458,0.46205395460128784,0.0003,67000,0.05310344323515892
0.2063399702310562,1.2848339080810547,-0.2922869026660919,0.0003,68000,0.06808775663375854
0.2065320909023285,1.2159147262573242,0.19707877933979034,0.0003,69000,0.08276551961898804
0.2074545919895172,1.3596205711364746,0.18557897210121155,0.0003,70000,0.07563532143831253
0.2062387466430664,1.3577733039855957,0.09056107699871063,0.0003,71000,0.17841799557209015
0.2068670243024826,1.4731810092926025,-0.37287047505378723,0.0003,72000,0.0714508444070816
0.20755060017108917,1.2049405574798584,-0.4068326950073242,0.0003,73000,0.07843928039073944
0.20671069622039795,1.3322665691375732,-0.18305054306983948,0.0003,74000,0.10702134668827057
0.20840610563755035,1.2355077266693115,0.025753537192940712,0.0003,75000,0.0790141150355339
0.20742246508598328,1.3119964599609375,-0.34736573696136475,0.0003,76000,0.07722573727369308
0.20869311690330505,1.2995651960372925,-0.1147642433643341,0.0003,77000,0.07598622888326645
0.20613527297973633,1.3005353212356567,0.0857241079211235,0.0003,78000,0.11255135387182236
0.2074839025735855,1.1848084926605225,-0.1460593044757843,0.0003,79000,0.05689365044236183
0.20901179313659668,1.2136164903640747,0.45056694746017456,0.0003,80000,0.11980623006820679
0.2080727219581604,1.2827537059783936,0.39518290758132935,0.0003,81000,0.15985426306724548
0.2071560025215149,1.243693470954895,0.4647243320941925,0.0003,82000,0.06525703519582748
0.20684145390987396,1.3286895751953125,-0.15133394300937653,0.0003,83000,0.09893445670604706
0.20761381089687347,1.1714500188827515,0.33436551690101624,0.0003,84000,0.08334887027740479
0.2074163854122162,1.3034429550170898,-0.06047927588224411,0.0003,85000,0.0913938507437706
0.2065742164850235,1.2826604843139648,0.26843366026878357,0.0003,86000,0.08487532287836075
0.2061932384967804,1.2670155763626099,-0.4185333251953125,0.0003,87000,0.07366761565208435
0.2057863026857376,1.34999680519104,-0.10829192399978638,0.0003,88000,0.10111122578382492
0.20637327432632446,1.2132887840270996,0.029464982450008392,0.0003,89000,0.09649025648832321
0.2055889219045639,1.236960768699646,0.36577871441841125,0.0003,90000,0.11101210117340088
0.2059599906206131,1.3915035724639893,0.11867484450340271,0.0003,91000,0.08119947463274002
0.20679843425750732,1.2931947708129883,-0.08442317694425583,0.0003,92000,0.07343056052923203
0.20537269115447998,1.234450101852417,0.13166886568069458,0.0003,93000,0.08758598566055298
0.20534922182559967,1.2345099449157715,-0.16370004415512085,0.0003,94000,0.09351067245006561
0.20612594485282898,1.3093302249908447,0.46967142820358276,0.0003,95000,0.08130292594432831
0.20487992465496063,1.283028244972229,0.0856817364692688,0.0003,96000,0.06525255739688873
0.20414306223392487,1.290176510810852,-0.04124878719449043,0.0003,97000,0.193843811750412
0.20262102782726288,1.2689745426177979,0.06413330137729645,0.0003,98000,0.08237253874540329
0.2031739056110382,1.2273833751678467,0.8172899484634399,0.0003,99000,0.06915527582168579
0.2017662674188614,1.346011996269226,-0.1616288721561432,0.0003,100000,0.1257288157939911
0.20202156901359558,1.2558674812316895,-0.08843177556991577,0.0003,101000,0.14339660108089447
0.20199109613895416,1.5291451215744019,-0.3178406357765198,0.0003,102000,0.09410177171230316
0.20173919200897217,1.3773412704467773,0.07745783030986786,0.0003,103000,0.109708771109581
0.20129424333572388,1.261307716369629,-0.029752463102340698,0.0003,104000,0.1526985764503479
0.2017674595117569,1.3439847230911255,0.0036925598978996277,0.0003,105000,0.09569679945707321
0.2019299417734146,1.3564033508300781,-0.1743970513343811,0.0003,106000,0.12234393507242203
0.20193679630756378,1.2453415393829346,-0.12452561408281326,0.0003,107000,0.11244716495275497
0.20112007856369019,1.3263458013534546,-0.0332643985748291,0.0003,108000,0.12465556710958481
0.200681671500206,1.298893690109253,0.08690820634365082,0.0003,109000,0.08707864582538605
0.2009146809577942,1.3171908855438232,-0.5019914507865906,0.0003,110000,0.11174650490283966
0.2001703679561615,1.3103907108306885,-0.3210839629173279,0.0003,111000,0.10762280225753784
0.2005469799041748,1.3672276735305786,0.18215692043304443,0.0003,112000,0.12448182702064514
0.20018412172794342,1.3585047721862793,0.4071143567562103,0.0003,113000,0.3643784523010254
0.20000572502613068,1.3508378267288208,-0.0921907126903534,0.0003,114000,0.3493395745754242
0.19928570091724396,1.290827989578247,0.2198968529701233,0.0003,115000,0.10846571624279022
0.20028164982795715,1.3293943405151367,-0.28413456678390503,0.0003,116000,0.11354626715183258
0.19990260899066925,1.1637332439422607,-0.014674201607704163,0.0003,117000,0.07774355262517929
0.19758297502994537,1.2918448448181152,0.03888740390539169,0.0003,118000,0.11263526231050491
0.19904598593711853,1.2264502048492432,0.09701693058013916,0.0003,119000,0.16059452295303345
0.1988358348608017,1.2552745342254639,-0.2847498059272766,0.0003,120000,0.07192950695753098
0.19874632358551025,1.3227081298828125,0.02249600738286972,0.0003,121000,0.0760519877076149
0.19814518094062805,1.4672043323516846,0.49373939633369446,0.0003,122000,0.08360844105482101
0.19842059910297394,1.2713136672973633,-0.08428676426410675,0.0003,123000,0.11890766024589539
0.19713975489139557,1.3333858251571655,0.35893553495407104,0.0003,124000,0.06190373748540878
0.19812065362930298,1.4342443943023682,0.005757972598075867,0.0003,125000,0.09781678766012192
0.19867639243602753,1.2973610162734985,-0.08374187350273132,0.0003,126000,0.08418258279561996
0.19787731766700745,1.3280634880065918,-0.158207505941391,0.0003,127000,0.0781950131058693
0.19720764458179474,1.3102014064788818,0.14359280467033386,0.0003,128000,0.12403538078069687
0.19632303714752197,1.3900275230407715,0.09837289154529572,0.0003,129000,0.07732304185628891
0.19732125103473663,1.507379174232483,-0.4399559497833252,0.0003,130000,0.11772237718105316
0.19676584005355835,1.3309662342071533,-0.6332632303237915,0.0003,131000,0.07483547925949097
0.19524303078651428,1.2391140460968018,-0.30955445766448975,0.0003,132000,0.0775153785943985
0.19597750902175903,1.4019155502319336,-0.09326305240392685,0.0003,133000,0.09626936912536621
0.19428624212741852,1.2030260562896729,0.10134507715702057,0.0003,134000,0.07693471759557724
0.19599324464797974,1.4420651197433472,-0.2909117043018341,0.0003,135000,0.11759021133184433
0.19635583460330963,1.4564050436019897,0.13583850860595703,0.0003,136000,0.08404646813869476
0.19491839408874512,1.4621655941009521,-0.18711453676223755,0.0003,137000,0.29622894525527954
0.19524328410625458,1.3812286853790283,0.30064165592193604,0.0003,138000,0.09439048916101456
0.19545479118824005,1.4808100461959839,-0.09184512495994568,0.0003,139000,0.06779731810092926
0.1944057196378708,1.434715747833252,-0.13440163433551788,0.0003,140000,0.09594510495662689
0.19515013694763184,1.353708028793335,-0.05807049572467804,0.0003,141000,0.09557633846998215
0.19469042122364044,1.4361213445663452,0.3247098922729492,0.0003,142000,0.09666263312101364
0.1942596584558487,1.4481420516967773,-0.07066603749990463,0.0003,143000,0.07235157489776611
0.193949356675148,1.3236654996871948,0.054074764251708984,0.0003,144000,0.3651033043861389
0.19319072365760803,1.4118034839630127,0.16601163148880005,0.0003,145000,0.08832988888025284
0.1933724284172058,1.4536182880401611,0.07054450362920761,0.0003,146000,0.07084307074546814
0.19357070326805115,1.2452505826950073,-0.3918095827102661,0.0003,147000,0.09074321389198303
0.19239529967308044,1.3802316188812256,0.386164128780365,0.0003,148000,0.057825375348329544
0.19328831136226654,1.5822339057922363,0.252991259098053,0.0003,149000,0.07315969467163086
0.19242523610591888,1.4820678234100342,0.3166848421096802,0.0003,150000,0.06434455513954163
0.19308342039585114,1.5350968837738037,0.1756940484046936,0.0003,151000,0.08962215483188629
0.19172799587249756,1.4481983184814453,0.08997829258441925,0.0003,152000,0.0445687472820282
0.1929982453584671,1.4405245780944824,0.0556204617023468,0.0003,153000,0.07662689685821533
0.19195666909217834,1.4493281841278076,-0.12520641088485718,0.0003,154000,0.0885678380727768
0.19216173887252808,1.5885400772094727,-0.35783565044403076,0.0003,155000,0.06931309401988983
0.19252219796180725,1.5637482404708862,0.044021859765052795,0.0003,156000,0.04887175187468529
0.19264328479766846,1.3311078548431396,0.08146724104881287,0.0003,157000,0.045988522469997406
0.19246965646743774,1.613095760345459,-0.08455712348222733,0.0003,158000,0.07669283449649811
0.19271625578403473,1.4990798234939575,0.32936757802963257,0.0003,159000,0.4228971004486084
0.19165529310703278,1.5815386772155762,-0.13683490455150604,0.0003,160000,0.05130345746874809
0.1903490126132965,1.588944435119629,0.3977954685688019,0.0003,161000,0.07276681065559387
0.19193698465824127,1.5757594108581543,0.028116263449192047,0.0003,162000,0.0833442211151123
0.19073905050754547,1.4954626560211182,0.05734407156705856,0.0003,163000,0.06856571137905121
0.18950936198234558,1.5448246002197266,0.08226517587900162,0.0003,164000,0.058965787291526794
0.19084009528160095,1.4805558919906616,0.5795742273330688,0.0003,165000,0.050926513969898224
0.1894143670797348,1.496412992477417,0.13541629910469055,0.0003,166000,0.04417603462934494
0.1901726871728897,1.5236356258392334,0.24666287004947662,0.0003,167000,0.0824066549539566
0.18954278528690338,1.6467294692993164,0.0653931051492691,0.0003,168000,0.05856439098715782
0.18933826684951782,1.6331863403320312,0.03935384005308151,0.0003,169000,0.06109456717967987
0.18984901905059814,1.5494554042816162,0.11354081332683563,0.0003,170000,0.05307575315237045
0.1881885528564453,1.568466067314148,0.012700989842414856,0.0003,171000,0.07813229411840439
0.18905362486839294,1.633559226989746,-0.18520808219909668,0.0003,172000,0.053203653544187546
0.18952028453350067,1.5711469650268555,-0.09033925831317902,0.0003,173000,0.05241625756025314
0.18843896687030792,1.6726707220077515,-0.35553431510925293,0.0003,174000,0.05150235444307327
0.19029968976974487,1.595040202140808,0.08380875736474991,0.0003,175000,0.04337766766548157
0.1897784173488617,1.5939022302627563,0.32670140266418457,0.0003,176000,0.07367166876792908
0.18963828682899475,1.6950052976608276,0.17295172810554504,0.0003,177000,0.05461306869983673
0.18932795524597168,1.5257444381713867,0.10002857446670532,0.0003,178000,0.05319550633430481
0.1891850233078003,1.666854739189148,-0.04489143192768097,0.0003,179000,0.0324467234313488
0.1898898333311081,1.640360951423645,-0.21277719736099243,0.0003,180000,0.04427012428641319
0.18853943049907684,1.654146671295166,0.30853334069252014,0.0003,181000,0.04596826434135437
0.18963788449764252,1.6981232166290283,0.19751110672950745,0.0003,182000,0.05207426846027374
0.18966640532016754,1.7335424423217773,-0.039965178817510605,0.0003,183000,0.043522514402866364
0.18902955949306488,1.7042229175567627,0.09708236902952194,0.0003,184000,0.08194814622402191
0.1896163523197174,1.7411555051803589,0.04920264706015587,0.0003,185000,0.04307040572166443
0.1894979178905487,1.7797820568084717,-0.3724488914012909,0.0003,186000,0.04283064603805542
0.1898970603942871,1.6661853790283203,-0.2158752679824829,0.0003,187000,0.041890084743499756
0.1910252422094345,1.854296088218689,0.05590003728866577,0.0003,188000,0.07865755259990692
0.1915719211101532,1.7774858474731445,0.08043863624334335,0.0003,189000,0.06763209402561188
0.19130390882492065,1.7447646856307983,-0.11152477562427521,0.0003,190000,0.07071331143379211
0.19115933775901794,1.7383843660354614,0.11318940669298172,0.0003,191000,0.0460299476981163
0.190692737698555,1.8919010162353516,0.01668885350227356,0.0003,192000,0.043149761855602264
0.19161152839660645,1.947630524635315,0.1197955459356308,0.0003,193000,0.03253990411758423
0.1911054104566574,1.7587889432907104,0.0037940870970487595,0.0003,194000,0.033892977982759476
0.19199465215206146,1.7892405986785889,0.008809354156255722,0.0003,195000,0.03668089956045151
0.19162237644195557,1.8348722457885742,-0.12522517144680023,0.0003,196000,0.0598909892141819
0.19195479154586792,1.791090488433838,-0.27132177352905273,0.0003,197000,0.03307921066880226
0.1934715062379837,1.692152976989746,0.1491425633430481,0.0003,198000,0.032667867839336395
0.19294244050979614,1.7070910930633545,-0.010264776647090912,0.0003,199000,0.03400054946541786
0.1913207322359085,1.9116756916046143,-0.3454796075820923,0.0003,200000,0.03989601880311966
0.19297631084918976,1.799986720085144,-0.23763442039489746,0.0003,201000,0.031961679458618164
0.19349530339241028,1.7934314012527466,0.19389745593070984,0.0003,202000,0.027061469852924347
0.1932562291622162,1.9854607582092285,-0.2123132348060608,0.0003,203000,0.030895035713911057
0.19429132342338562,1.7870469093322754,-0.19401365518569946,0.0003,204000,0.035435207188129425
0.19453202188014984,1.7907418012619019,0.353351891040802,0.0003,205000,0.024848919361829758
0.1944892555475235,1.8128039836883545,-0.1827111393213272,0.0003,206000,0.032088831067085266
0.195677250623703,1.822007417678833,0.00832175463438034,0.0003,207000,0.029734404757618904
0.19501034915447235,1.8826446533203125,-0.1404436230659485,0.0003,208000,0.0772567018866539
0.1960829347372055,1.9199607372283936,-0.3418477773666382,0.0003,209000,0.026710253208875656
0.1953195482492447,1.860628604888916,0.3433155119419098,0.0003,210000,0.028712080791592598
0.1973414272069931,1.8441529273986816,0.15161654353141785,0.0003,211000,0.025164570659399033
0.19670258462429047,1.9455671310424805,0.08418835699558258,0.0003,212000,0.021529901772737503
0.19655172526836395,1.832254409790039,0.28190645575523376,0.0003,213000,0.028015661984682083
0.19751930236816406,1.8984347581863403,-0.3012431859970093,0.0003,214000,0.02989610843360424
0.1976706087589264,1.8922414779663086,0.0646769106388092,0.0003,215000,0.02070019207894802
0.19771915674209595,1.9510481357574463,-0.057998426258563995,0.0003,216000,0.02849511057138443
0.1969856321811676,1.9583159685134888,-0.0031045526266098022,0.0003,217000,0.024785881862044334
0.19702261686325073,1.7821295261383057,0.34620851278305054,0.0003,218000,0.0232897587120533
0.1969846785068512,1.8753750324249268,-0.10679701715707779,0.0003,219000,0.018142329528927803
0.19725647568702698,1.8411650657653809,0.3019515872001648,0.0003,220000,0.02981802448630333
0.198256254196167,2.005368709564209,-0.2120538055896759,0.0003,221000,0.02535909041762352
0.1981123685836792,1.913055658340454,0.1643480360507965,0.0003,222000,0.015929339453577995
0.1987149566411972,1.9987696409225464,-0.44843509793281555,0.0003,223000,0.020170696079730988
0.19809205830097198,1.7148220539093018,0.5692640542984009,0.0003,224000,0.022547895088791847
0.19784151017665863,1.7617127895355225,0.2426217794418335,0.0003,225000,0.02503310702741146
0.19842983782291412,1.9900641441345215,-0.07740377634763718,0.0003,226000,0.03005211055278778
0.19908878207206726,1.8875731229782104,0.0985650047659874,0.0003,227000,0.021695975214242935
0.19862161576747894,1.9401893615722656,-0.29010698199272156,0.0003,228000,0.025391295552253723
0.19942216575145721,1.936178207397461,0.24174682796001434,0.0003,229000,0.016727330163121223
0.19856864213943481,1.9806897640228271,0.28429746627807617,0.0003,230000,0.016657765954732895
0.1991763710975647,1.9226409196853638,0.07849052548408508,0.0003,231000,0.024220289662480354
0.19955523312091827,1.9532246589660645,-0.007923215627670288,0.0003,232000,0.02106444351375103
0.19945532083511353,1.9132276773452759,-0.23587486147880554,0.0003,233000,0.015887998044490814
0.19921134412288666,1.9076319932937622,-0.21795174479484558,0.0003,234000,0.017693784087896347
0.20046086609363556,1.836223840713501,0.254393994808197,0.0003,235000,0.0231943279504776
